﻿<?xml version="1.0" encoding="utf-8"?>
<ModMetaData>
	<name>GoW Weapon Pack</name>
	<author>AHumanHat</author>
	<targetVersion>0.18.1722</targetVersion>
	<description>Adds weapons from the gears of war franchise into rimworld!
	
	All sprites are 256x256 and have custom sounds!

                                                            THE WEAPONS
===========================================================================

- Lancer Assault Rifle
- Retro Lancer
- Hammerburst MKI
- Hammerburst MKII
- Gnasher Shotgun
- Boomshot 
- Longshot
- Boltok Pistol
- Snub Pistol	

More are coming in the next update.				
	 
	 Enjoy!
	Report any bugs you find!</description>
</ModMetaData>